{
    "user-d6ab6dd7-477e-4f79-9ff2-a9091f3e8d3d": {
        "eps": 0.8,
        "delta": 0.1,
        "memory": [
            0.21075014054896934,
            0.23333063783634952
        ],
        "memory_length": 4
    },
    "user-de57639a-46ee-4342-90f4-724f14f24ad3": {
        "eps": 0.8,
        "delta": 0.1,
        "memory": [
            -0.20182500897042033,
            -0.13798699673110115
        ],
        "memory_length": 4
    },
    "user-0e0d08b5-7a4a-4d11-acc2-00bd34dfe7e4": {
        "eps": 0.8,
        "delta": 0.1,
        "memory": [
            0.4398997029900642,
            0.4398997029900642
        ],
        "memory_length": 4
    },
    "user-f8b62346-e52b-4aa5-8d54-2926960a0390": {
        "eps": 0.8,
        "delta": 0.1,
        "memory": [
            -0.9579681687640018,
            -0.9092563014006938
        ],
        "memory_length": 4
    },
    "user-c6607deb-c2e3-4a53-8376-3b24c9186b1c": {
        "eps": 0.8,
        "delta": 0.1,
        "memory": [
            0.855623592270184,
            0.855623592270184
        ],
        "memory_length": 4
    },
    "user-6e1036df-25cf-45dc-ba67-68420b2faa84": {
        "eps": 0.8,
        "delta": 0.1,
        "memory": [
            -0.21170822405433976,
            -0.14688189030662865
        ],
        "memory_length": 4
    },
    "user-8fc1e52b-1c01-4454-a67d-0bc56560a38a": {
        "eps": 0.8,
        "delta": 0.1,
        "memory": [
            0.2293454475057517,
            0.25006641409745367
        ],
        "memory_length": 4
    },
    "user-971f23e4-9bf3-4b5b-a09d-dfe7645e7e6b": {
        "eps": 0.8,
        "delta": 0.1,
        "memory": [
            0.4365551134227712,
            0.4365551134227712
        ],
        "memory_length": 4
    },
    "user-6ceea853-851c-4a09-8c39-34ce78a045be": {
        "eps": 0.8,
        "delta": 0.1,
        "memory": [
            -0.47084949513092167,
            -0.47084949513092167
        ],
        "memory_length": 4
    },
    "user-73c11fe7-62fa-4e29-b0ef-ce2ec12acb84": {
        "eps": 0.8,
        "delta": 0.1,
        "memory": [
            0.9325513555757257,
            0.9325513555757257
        ],
        "memory_length": 4
    }
}