{
    "user-b0926ea3-8943-4c41-b2c6-b06d87fe6c95": {
        "eps": 0.4,
        "delta": 0.1,
        "memory": [
            0.7411076037987692,
            0.7411076037987692,
            0.7411076037987692,
            0.7411076037987692,
            0.7652006134488554
        ],
        "memory_length": 4
    },
    "user-727bf383-e183-4db1-8e37-342132a77184": {
        "eps": 0.4,
        "delta": 0.1,
        "memory": [
            0.4416058894238133,
            0.4425060208869534,
            0.4425060208869534,
            0.4425060208869534,
            0.4425060208869534
        ],
        "memory_length": 4
    },
    "user-e9d7920a-3b40-4241-a078-74d2dfac7f49": {
        "eps": 0.4,
        "delta": 0.1,
        "memory": [
            0.4506072040552145,
            0.4506072040552145,
            0.4506072040552145,
            0.4506072040552145,
            0.4506072040552145
        ],
        "memory_length": 4
    },
    "user-163ada75-8449-4bdf-a6b7-107e09e17eed": {
        "eps": 0.4,
        "delta": 0.1,
        "memory": [
            0.7691054608499928,
            0.7691054608499928,
            0.7691054608499928,
            0.7691054608499928,
            0.7691054608499928
        ],
        "memory_length": 4
    },
    "user-f307d4d2-1cd4-4caa-9cbc-07a42466dd17": {
        "eps": 0.4,
        "delta": 0.1,
        "memory": [
            -0.39774162076298336,
            -0.42059782682488894,
            -0.441168412280604,
            -0.4596819391907475,
            -0.4763441134098767
        ],
        "memory_length": 4
    },
    "user-e72d6440-9818-447d-818e-fe1bd222d130": {
        "eps": 0.4,
        "delta": 0.1,
        "memory": [
            -0.006536339469404462,
            -0.03536051662049866,
            -0.03536051662049866,
            -0.03536051662049866,
            -0.03536051662049866
        ],
        "memory_length": 4
    },
    "user-c88643bc-ad47-4ab5-bd9c-69f95358170c": {
        "eps": 0.4,
        "delta": 0.1,
        "memory": [
            0.9820377002996314,
            0.9820377002996314,
            0.9820377002996314,
            0.9579446906495452,
            0.9579446906495452
        ],
        "memory_length": 4
    },
    "user-3d7b5033-bfdd-4e7e-ac5c-4100b1c9b93c": {
        "eps": 0.4,
        "delta": 0.1,
        "memory": [
            -0.2909165139208876,
            -0.27597136750232404,
            -0.26252073572561685,
            -0.2504151671265804,
            -0.2670144150663031
        ],
        "memory_length": 4
    },
    "user-7f8780a0-1ab1-45e8-8190-6959c0060fe1": {
        "eps": 0.4,
        "delta": 0.1,
        "memory": [
            -0.6160153632513505,
            -0.6502371900938557,
            -0.6502371900938557,
            -0.6502371900938557,
            -0.6502371900938557
        ],
        "memory_length": 4
    },
    "user-dacb492d-3079-4879-b4ce-cc5120956eba": {
        "eps": 0.4,
        "delta": 0.1,
        "memory": [
            -0.34224489075409315,
            -0.34224489075409315,
            -0.38211899129987814,
            -0.38211899129987814,
            -0.38211899129987814
        ],
        "memory_length": 4
    },
    "user-39733395-fa26-46ca-adfa-42fb3103b595": {
        "eps": 0.4,
        "delta": 0.1,
        "memory": [
            -0.29477811098034645,
            -0.33056947954109134,
            -0.33056947954109134,
            -0.29816616553392267,
            -0.26544093002084057
        ],
        "memory_length": 4
    },
    "user-d84e0074-030a-45d7-8ece-885bf1a35ebb": {
        "eps": 0.4,
        "delta": 0.1,
        "memory": [
            -0.5372424269483747,
            -0.5451197205786722,
            -0.5451197205786722,
            -0.5451197205786722,
            -0.5451197205786722
        ],
        "memory_length": 4
    },
    "user-e15024c7-2cc6-45e8-b449-6ba706ca4f82": {
        "eps": 0.4,
        "delta": 0.1,
        "memory": [
            -0.48401236906953704,
            -0.48401236906953704,
            -0.48401236906953704,
            -0.48401236906953704,
            -0.48401236906953704
        ],
        "memory_length": 4
    },
    "user-bb4eb331-bbf3-4c05-a3dd-c8d5ecce00f1": {
        "eps": 0.4,
        "delta": 0.1,
        "memory": [
            0.18659063991570246,
            0.18659063991570246,
            0.18659063991570246,
            0.18659063991570246,
            0.18659063991570246
        ],
        "memory_length": 4
    },
    "user-6d0af9e5-281e-4d78-98c8-2a63a7d40474": {
        "eps": 0.4,
        "delta": 0.1,
        "memory": [
            0.029086189596898127,
            -0.0033002404608263314,
            -0.0033002404608263314,
            -0.0033002404608263314,
            -0.0033002404608263314
        ],
        "memory_length": 4
    },
    "user-7a54e4dd-86cb-47c5-b7f9-415e172e4380": {
        "eps": 0.4,
        "delta": 0.1,
        "memory": [
            -0.1349656829717023,
            -0.1349656829717023,
            -0.1349656829717023,
            -0.1349656829717023,
            -0.1349656829717023
        ],
        "memory_length": 4
    },
    "user-d0394955-0d59-4a9d-8e38-8db18912dfba": {
        "eps": 0.4,
        "delta": 0.1,
        "memory": [
            -0.9168350450702483,
            -0.9168350450702483,
            -0.9168350450702483,
            -0.9168350450702483,
            -0.9168350450702483
        ],
        "memory_length": 4
    },
    "user-a087dad0-32ff-4f74-a7e8-da6193b1b87e": {
        "eps": 0.4,
        "delta": 0.1,
        "memory": [
            0.1508316968981247,
            0.1508316968981247,
            0.1508316968981247,
            0.1508316968981247,
            0.1508316968981247
        ],
        "memory_length": 4
    },
    "user-36ea0b3c-ac1b-48a1-ab8a-9ac22bd58a30": {
        "eps": 0.4,
        "delta": 0.1,
        "memory": [
            -0.12459590522215125,
            -0.12459590522215125,
            -0.13624276267643526,
            -0.14672493438529086,
            -0.14672493438529086
        ],
        "memory_length": 4
    },
    "user-b56a7896-7642-4078-8709-7eb9f67074c8": {
        "eps": 0.4,
        "delta": 0.1,
        "memory": [
            0.38199433451644094,
            0.38199433451644094,
            0.38199433451644094,
            0.38199433451644094,
            0.38199433451644094
        ],
        "memory_length": 4
    },
    "user-874e7a7a-444e-4382-8526-616663dea20f": {
        "eps": 0.4,
        "delta": 0.1,
        "memory": [
            0.9475635868465593,
            0.9475635868465593,
            0.9475635868465593,
            0.9475635868465593,
            0.9475635868465593
        ],
        "memory_length": 4
    },
    "user-1fec1e66-3311-40e6-b1ee-e507d40e44c2": {
        "eps": 0.4,
        "delta": 0.1,
        "memory": [
            0.552985225424415,
            0.552985225424415,
            0.5307841204592398,
            0.5307841204592398,
            0.5307841204592398
        ],
        "memory_length": 4
    },
    "user-15eb73b4-dea5-4e09-9b8c-9f5624155e38": {
        "eps": 0.4,
        "delta": 0.1,
        "memory": [
            0.9555532405450793,
            0.9369084625755706,
            0.9369084625755706,
            0.9201281624030128,
            0.9201281624030128
        ],
        "memory_length": 4
    },
    "user-74aa5952-21e1-47cf-938f-0107353b2ac2": {
        "eps": 0.4,
        "delta": 0.1,
        "memory": [
            -0.41640764652380713,
            -0.41640764652380713,
            -0.43739725000963037,
            -0.4227491764007561,
            -0.4431046268988844
        ],
        "memory_length": 4
    },
    "user-5f71913f-85f7-445d-9d2f-5b0d42c80f5f": {
        "eps": 0.4,
        "delta": 0.1,