{
    "user-2b04378c-8fbd-4614-9fa6-114ae81a34da": {
        "eps": 0.8,
        "delta": 0.1,
        "memory": [
            0.8623811112607793,
            0.8623811112607793
        ],
        "memory_length": 4
    },
    "user-cf3f46cb-4e58-4e28-beba-e9b77724ec50": {
        "eps": 0.8,
        "delta": 0.1,
        "memory": [
            0.6663276403949265,
            0.6663276403949265
        ],
        "memory_length": 4
    },
    "user-274af730-14f3-40b3-88e4-479fbb1ed6da": {
        "eps": 0.8,
        "delta": 0.1,
        "memory": [
            -0.05082924247605458,
            -0.05082924247605458
        ],
        "memory_length": 4
    },
    "user-c6ab84db-2646-4474-9b37-1458bd648c5a": {
        "eps": 0.8,
        "delta": 0.1,
        "memory": [
            -0.8893129713133847,
            -0.8893129713133847
        ],
        "memory_length": 4
    },
    "user-9dda6228-c3ac-4e18-9cf7-7a4ed00a9c35": {
        "eps": 0.8,
        "delta": 0.1,
        "memory": [
            -0.9541902453669178,
            -0.9477025179615645
        ],
        "memory_length": 4
    },
    "user-b2f6242a-60e2-48dc-a019-ef5d82e7d58c": {
        "eps": 0.8,
        "delta": 0.1,
        "memory": [
            -0.6882256735707921,
            -0.6882256735707921
        ],
        "memory_length": 4
    },
    "user-4fa95183-9026-4dce-aebe-cf15a60c32fa": {
        "eps": 0.8,
        "delta": 0.1,
        "memory": [
            -0.5885153366915334,
            -0.5324074685162117
        ],
        "memory_length": 4
    },
    "user-42f94ab7-4bf5-4056-afcc-259d20c8b702": {
        "eps": 0.8,
        "delta": 0.1,
        "memory": [
            -0.027436654938315375,
            -0.027436654938315375
        ],
        "memory_length": 4
    },
    "user-f351e09f-b205-4db0-9c97-b2d81bfe4a44": {
        "eps": 0.8,
        "delta": 0.1,
        "memory": [
            0.9023908745854676,
            0.9023908745854676
        ],
        "memory_length": 4
    },
    "user-fd4284b1-ebf5-426b-a5b5-02590d67bb4d": {
        "eps": 0.8,
        "delta": 0.1,
        "memory": [
            -0.7948534873936599,
            -0.7948534873936599
        ],
        "memory_length": 4
    }
}