{
    "user-9d51f61a-8d44-411e-844b-be6ae708d3a1": {
        "eps": 0.8,
        "delta": 0.1,
        "memory": [
            0.9066427615318198,
            0.9066427615318198
        ],
        "memory_length": 4
    },
    "user-dc396a65-dd67-4a38-95bd-76d47ebcafc4": {
        "eps": 0.8,
        "delta": 0.1,
        "memory": [
            0.027002073235399493,
            -0.010924313257844515
        ],
        "memory_length": 4
    },
    "user-eb122d2f-6be2-4b1c-8609-d790dd96094e": {
        "eps": 0.8,
        "delta": 0.1,
        "memory": [
            -0.3522617916970405,
            -0.31433540520379655
        ],
        "memory_length": 4
    }
}