{
    "user-c46e7212-df4e-42a6-a5a1-243bb2e56a53": {
        "eps": 0.4,
        "delta": 0.1,
        "memory": [
            0.202682104491396
        ],
        "memory_length": 4
    },
    "user-f7474839-a42c-4fe5-8ffc-1c173d35792e": {
        "eps": 0.4,
        "delta": 0.1,
        "memory": [
            0.18998447233764182
        ],
        "memory_length": 4
    },
    "user-27cb7113-78b8-4154-abbb-3f2abb7ae088": {
        "eps": 0.4,
        "delta": 0.1,
        "memory": [
            0.33778028398186755
        ],
        "memory_length": 4
    },
    "user-676c8a97-86b2-4a5e-a429-10f02c8263f5": {
        "eps": 0.4,
        "delta": 0.1,
        "memory": [
            0.8418348451040805
        ],
        "memory_length": 4
    },
    "user-79939eb9-bd3f-40a6-b0de-f2af8add539c": {
        "eps": 0.4,
        "delta": 0.1,
        "memory": [
            -0.6585923869330002
        ],
        "memory_length": 4
    },
    "user-cb3c54ec-a639-43d2-8188-d55d5872f713": {
        "eps": 0.4,
        "delta": 0.1,
        "memory": [
            -0.8233570383004334
        ],
        "memory_length": 4
    },
    "user-941eab60-9a1b-4fcd-8a7c-b09258548b1b": {
        "eps": 0.4,
        "delta": 0.1,
        "memory": [
            -0.5996028324948337
        ],
        "memory_length": 4
    },
    "user-10b0aaea-b2b3-44e8-be39-45b089482bca": {
        "eps": 0.4,
        "delta": 0.1,
        "memory": [
            0.6557310599389912
        ],
        "memory_length": 4
    },
    "user-a0c82e9c-e175-4a18-b09b-ffd18a50568c": {
        "eps": 0.4,
        "delta": 0.1,
        "memory": [
            0.5841378479826784
        ],
        "memory_length": 4
    },
    "user-4bc02c78-10ef-4148-80b6-9c6e711a72ee": {
        "eps": 0.4,
        "delta": 0.1,
        "memory": [
            -0.6892900323644122
        ],
        "memory_length": 4
    },
    "user-7a62ed64-bc4b-4c7b-94e0-691ed8fbd902": {
        "eps": 0.4,
        "delta": 0.1,
        "memory": [
            -0.4503398675976962
        ],
        "memory_length": 4
    },
    "user-461d6068-8024-4f34-8cd4-b08ec29f8dca": {
        "eps": 0.4,
        "delta": 0.1,
        "memory": [
            -0.9056010192041786
        ],
        "memory_length": 4
    },
    "user-c83a3d0f-78ec-4673-9d16-dce1a1f91839": {
        "eps": 0.4,
        "delta": 0.1,
        "memory": [
            -0.8817848167221964
        ],
        "memory_length": 4
    },
    "user-63acf08e-7381-48de-a7e8-4811a0355616": {
        "eps": 0.4,
        "delta": 0.1,
        "memory": [
            0.8754823777812302
        ],
        "memory_length": 4
    },
    "user-5f559784-b39b-4e0c-8cf0-7dcc7a88edef": {
        "eps": 0.4,
        "delta": 0.1,
        "memory": [
            -0.0959198952060718
        ],
        "memory_length": 4
    },
    "user-51750d1b-1ebd-41c9-a18f-824178f692d4": {
        "eps": 0.4,
        "delta": 0.1,
        "memory": [
            -0.347722864662106
        ],
        "memory_length": 4
    },
    "user-15cef6c3-b98e-4b73-b1fd-50213f8f3c44": {
        "eps": 0.4,
        "delta": 0.1,
        "memory": [
            0.04312121455558415
        ],
        "memory_length": 4
    },
    "user-bf9a259d-a0a8-4dd5-b631-c50aedc88a98": {
        "eps": 0.4,
        "delta": 0.1,
        "memory": [
            -0.7560143195620188
        ],
        "memory_length": 4
    },
    "user-f19b4cf1-5403-442b-ac64-c1988eaa56a4": {
        "eps": 0.4,
        "delta": 0.1,
        "memory": [
            -0.38894780738000523
        ],
        "memory_length": 4
    },
    "user-42a5496e-9919-4418-ac59-bdfd5e088066": {
        "eps": 0.4,
        "delta": 0.1,
        "memory": [
            -0.7841586581037197
        ],
        "memory_length": 4
    },
    "user-0ba0875e-f063-48cc-9a23-52ecd4bf3802": {
        "eps": 0.4,
        "delta": 0.1,
        "memory": [
            -0.1874320830533065
        ],
        "memory_length": 4
    },
    "user-a3087b8c-01a4-4de8-9823-77cf69c03816": {
        "eps": 0.4,
        "delta": 0.1,
        "memory": [
            -0.9100316517677358
        ],
        "memory_length": 4
    },
    "user-e0bd86f9-4847-4d84-9f18-4c23b387c3f7": {
        "eps": 0.4,
        "delta": 0.1,
        "memory": [
            0.1850354325321335
        ],
        "memory_length": 4
    },
    "user-afaeadf0-2a4e-4586-8448-193916701b0a": {
        "eps": 0.4,
        "delta": 0.1,
        "memory": [
            -0.6171272769914475
        ],
        "memory_length": 4
    },
    "user-b2603c8e-99c7-4b16-9c01-6f8b6d5fa431": {
        "eps": 0.4,
        "delta": 0.1,
        "memory": [
            -0.5060151360494394
        ],
        "memory_length": 4
    },
    "user-3181da60-afee-4ef6-bc1a-cf5dd2f54c30": {
        "eps": 0.4,
        "delta": 0.1,
        "memory": [
            0.13312695378133266
        ],
        "memory_length": 4
    },
    "user-c263718f-6019-42bf-8595-098d0e0771cf": {
        "eps": 0.4,
        "delta": 0.1,
        "memory": [
            -0.14026138706840063
        ],
        "memory_length": 4
    },
    "user-fa9b50ef-74ab-4ec1-bb32-eb77213b27b0": {
        "eps": 0.4,
        "delta": 0.1,
        "memory": [
            -0.6356764458312254
        ],
        "memory_length": 4
    },
    "user-7f525b19-f51f-4122-be4a-0b4b51c4f8ce": {
        "eps": 0.4,
        "delta": 0.1,
        "memory": [
            0.6619123376543454
        ],
        "memory_length": 4
    },
    "user-b2dabb0d-b279-4694-a241-e0ea650f0169": {
        "eps": 0.4,
        "delta": 0.1,
        "memory": [
            -0.8368017133113526
        ],
        "memory_length": 4
    },
    "user-f9293c7a-e477-4dbd-ae35-5174af9e0e63": {
        "eps": 0.4,
        "delta": 0.1,
        "memory": [
            0.9931826206758105
        ],
        "memory_length": 4
    },
    "user-a3f8121d-771c-4dfa-9f96-d3c48eea03b3": {
        "eps": 0.4,
        "delta": 0.1,
        "memory": [
            0.7373751084671978
        ],
        "memory_length": 4
    },
    "user-2e4817ec-3a67-40c4-ac63-7c383b926fff": {
        "eps": 0.4,
        "delta": 0.1,
        "memory": [
            -0.1860577320456378
        ],
        "memory_length": 4
    },
    "user-3dea8ac2-5068-4342-a2f5-2f9a5d057130": {
        "eps": 0.4,
        "delta": 0.1,
        "memory": [
            -0.5404302251421265
        ],
        "memory_length": 4
    },
    "user-08a5ad25-89b1-4d92-8c9b-bda93558a4a0": {
        "eps": 0.4,
        "delta": 0.1,
        "memory": [
            0.5058670503553324
        ],
        "memory_length": 4
    },
    "user-27edc13c-a23c-4997-be45-56ea56a30dab": {
        "eps": 0.4,
        "delta": 0.1,
        "memory": [
            -0.37956453313692506
        ],
        "memory_length": 4
    },
    "user-9caa62c2-23d3-4289-959d-282bbfe7ecec": {
        "eps": 0.4,
        "delta": 0.1,
        "memory": [
            -0.34119510247700147
        ],
        "memory_length": 4
    },
    "user-8e6992a7-d5e1-4b72-a4b3-57ecff414ed3": {
        "eps": 0.4,
        "delta": 0.1,
        "memory": [
            0.8401819663887304
        ],
        "memory_length": 4
    },
    "user-b3204297-fb8c-4d27-bd67-640cb7531926": {
        "eps": 0.4,
        "delta": 0.1,
        "memory": [
            -0.9971588147374253
        ],
        "memory_length": 4
    },
    "user-befe5782-fa8c-4e61-a336-5612762624ed": {
        "eps": 0.4,
        "delta": 0.1,
        "memory": [
            -0.5381775530620434
        ],
        "memory_length": 4
    },
    "user-5bc3ec74-21db-41f5-b47b-2c8640de3f93": {
        "eps": 0.4,
        "delta": 0.1,
        "memory": [
            -0.12439243074446615
        ],
        "memory_length": 4
    },
    "user-e4300dff-21fa-4ba8-91ef-e3bec01c5d02": {
        "eps": 0.4,
        "delta": 0.1,
        "memory": [
            0.772191413362326
        ],
        "memory_length": 4
    },